<?xml version="1.0" encoding="UTF-8" standalone="yes"?>
<manifest>
  <control namespace="APSPCFControls" constructor="AutoNumberControl" version="1.0.0" display-name-key="Auto Number Control" description-key="AutoNumberControl_Desc_Key" control-type="standard" api-version="1.1.0">
    <property name="fieldNameProperty" display-name-key="Field Name" description-key="Auto Number field name" of-type="SingleLine.Text" usage="bound" required="true"/>
    <property name="formatProperty" display-name-key="Auto Number Format" description-key="Provide format to generate Auto Number." of-type="SingleLine.Text" usage="input" required="true"/>
    <resources>
      <code path="bundle.js" order="1"/>
      <css path="css/AutoNumberControl.css" order="1"/>
    </resources>
    <built-by name="pac" version="0.2.71"/>
  </control>
</manifest>